Name	Color_index	R	G	B
0	0	1.00000	0.39608	0.396078
1	1	0.92941	0.93333	0.000000
2	2	0.39608	1.00000	0.396078
3	3	0.39608	0.99608	1.000000
4	4	0.39608	0.39608	1.000000
5	5	1.00000	0.39608	0.996078
6	6	1.00000	0.69804	0.396078
7	7	0.69804	1.00000	0.396078
8	8	0.00000	0.87451	0.372549
9	9	0.39608	0.69804	1.000000
10	10	0.69804	0.39608	1.000000
11	11	1.00000	0.60000	0.800000
